id,phase,title,status,depends_on,acceptance_criteria,evidence,owner_role
T-000,P0,初回検討パッケージのレビュー,完了,,初回管理案へのユーザーフィードバックを受け取り現行文書の改訂候補へ反映。実施結果のGitHub保存はT-003/S06で別判定。,RPT-001;FB-001;BOOTSTRAP_RUNBOOK.html#S06-0,Chat / user
T-001,P0,管理原則とP0合格条件の採用判断,部分完了,,既存管理原則を維持し、S10-3の目的・追加実験なし・可視性・選択理由・寿命管理を現行方針へ反映する。総合的な良さを単一閾値へ還元せず、個別の受入条件と継続レビューを設計する。実装案の採用は別判定。,PROJECT_CONTEXT.md 第3節;docs/DECISIONS.md;報告_S10-3.txt（RPT-015）,Codex / user
T-002,P0,開発環境・作業資源を必要時に確認,部分完了,,最小文書検査環境はRPT-010で受理済み（Python3.12.14/64bit・M081・91件全成功・前後33バイト一致）。本体用依存固定・実空き/RAM/開発時間・他AI環境等は必要時に確認する。全資源タスクとしては部分完了を維持。,RPT-010;CHK-010;BOOTSTRAP_RUNBOOK.html#F01-3;CHK-017（CodexのGitHub固定読取・39バイト同一性・通常検査。現行回帰はREFERENCE_LOGで環境別に記録）;RPT-019/020;PR #14初回提出C1全44パス照合・Codex保存/PR実行をACT-130に記録。ACT-130初回提出時点ではmainマージ未実施;CHK-020：main=M130全44一致、ローカル.gitはM101のまま。同期/環境新規受入を推定しない,Codex / user
T-003,P0,Project掲載と新スレッドでの復旧試験,参照管理,,RPT-005/CHK-005でS09とG2の範囲の移行完了を受理。最終記録をv0.7のHTMLへ取り込み。全P0や他のAI環境・本体検証は含めない。復旧では方向・依存を含む8観点を維持。,BOOTSTRAP_RUNBOOK.html#S09;RPT-005;CHK-005;README.md,user / Chat
T-004,P1,Tawhiri比較対象と流用方針を固定,部分完了,T-003,固定原版standard_profileを主基準とし、原版/派生/API/downloaderの差・依存・ライセンス表記を記録。次は隔離した原版実行環境と合成入力の再現・共通入力比較を受け入れる。 固定原版の第一比較基準は維持するが、実行比較を環境設計・実取得の先行条件にしない。,D-134;PLAN 10.4;HTML S14;ACT-130;P1-T004;原版668b44e5b88a66e0d885a9f9b16ff507d856bbbd;RPT-023/D-137/HTML S16-Q5：長期到達/モデル要求から気象・地形を逆算し実取得で設計検証,Codex / user
T-005,P1,基本データ経路の受入試験,部分完了,T-003;T-006,現在は保存JRAのstrict/B再構成と限定した地上全飛行・GUI比較まで接続済み（D-191〜194）。残件は任意の過去窓の一般取得/全支持、細密地形、全領域/全leadの受入、一般キャッシュの保全と寿命であり、限定接続を未実装へ戻さない。現在の受入と次判断はS36/T-016/WEATHERへ戻る。以下は0.20〜0.41時点の受入条件と未達の履歴： GFS圧力面＋地上量の取得・正規化・任意UTC/幾何高度の場と二地点の全飛行は0.20で限定実証。残件は過去場/モデル面の本体接続、細密地形、長期予報窓の必要量・全層・全領域支持、キャッシュ障害復旧と保持方針。配布run/valid/取得時点・高さ基準・地下/欠測・地表橋渡し・必要能力を来歴付きで検査し、保存入力から再実行できること。384hはrun起点、時刻計画成立だけで全飛行支持としない。モデル要求と取得費用から選び、黙った外挿/代替をしない。現在の設計はS35/T-016/INTEGRATION_DESIGN。一般経路は比較用途・標本・保存の責務から具体化する。,references/gfs_p1_fixture/manifest.json;tools/inspect_gfs_fixture.py;ACT-130;HTML S14;D-134;D-135/ENVIRONMENT_CONTRACT/ACT-140：地下mask・品質・支持範囲・gh限定問い合わせの0.14候補。地形/幾何高度/原版比較は未受入;RPT-023/D-137/HTML S16-Q5：長期到達/モデル要求から気象・地形を逆算し実取得で設計検証;RPT-026/027;D-138/139;ACT-150;HTML S16：経路別実取得と内外等温の初期実装・後続モデル追加設計;RPT-030/031;CHK-022;D-141/142;ACT-160;WEATHER_DATA_GUIDE;D-144〜147;ACT-170;HTML S20;RPT-033;D-148;ENVの有限構成表;HTML S20;ACT-180;D-149;S22;JRA query/構成検査の限定候補（全飛行/一般取得器は未受入）;RPT-035;D-151;S22-Q1回答済み;ACT-190;D-153;S24;RPT-037;D-154;D-155;ACT-200;HTML S26/S27;RPT-041;D-162;AUD-240;HTML S32;RPT-042;D-164;PLAN10.5;HTML S33;T-016;RPT-043/044;D-165;SIMULATOR_VISION;S34,Codex / user
T-006,P1,対象気球・飛行範囲・評価基準を決定,部分完了,T-003,Heゴム気球・約30km・乾燥10kg未満程度を代表規模（固定上限ではない）とし、予報更新による落下分散の運用判断と過去場による季節/場所選定を支える。打上げ条件とモデル条件を別軸にし、実ケースの領域/時間/季節/出力と評価条件を具体化する。実気象二例は技術検証で実飛行仕様ではない。選択モデルの必要量・能力・状態、簡易経路と等温初期/後続拡張、組合せ衝突をENVで整理し、全候補の実装や熱感度試験を開始条件にしない。科学採用/予測精度と動作証拠を区別。現在の具体的な対象/受入の検討はCONTEXT第1節とS36/T-016へ戻り、INTEGRATION_DESIGNの用途・設計理由を材料にする。,報告_S10-3.txt（RPT-015）;BOOTSTRAP_RUNBOOK.html#S10-3;新スレッドへの保留は解除、全仕様完了ではない;D-134;PLAN10.4;S14;RPT-022/D-136/HTML S16：次の主成果・実ケース・評価分離・再実行範囲の提案と意思決定を記録;RPT-023/D-137/HTML S16-Q5：長期到達/モデル要求から気象・地形を逆算し実取得で設計検証;RPT-026/027;D-138/139;ACT-150;HTML S16：経路別実取得と内外等温の初期実装・後続モデル追加設計;RPT-030/031;CHK-022;D-141/142;ACT-160;WEATHER_DATA_GUIDE;D-144〜147;ACT-170;HTML S20;RPT-033;D-148;ENVの有限構成表;HTML S20;RPT-035;D-151;S22-Q1回答済み;ACT-190;D-153;S24;RPT-038;D-156/157;HTML S28/S29;RPT-041;D-162;AUD-240;HTML S32;RPT-042;D-164;PLAN10.5;HTML S33;T-016;RPT-043/044;D-165;SIMULATOR_VISION;S34,Codex / user
T-007,P0,正式な更新・差分適用・検査機構を実装,部分完了,T-003;T-002,文書・実体・用途・主要API/試験・理論対応・変更時点/寿命を既存の登録/比較検査で追跡する。DC-JUDGMENTを全作業で適用し、構造/説明の用途適合を検査合格で代替しない。既存state/health/contractと本体索引は実装済み。S32/T-015で本体責務・指示書読順・ガイド・現行仕様を修復し、必要な変更と読解の例で評価する。正式な差分適用/削除改名の一般受入、依存固定、CI、独立バックアップ/外部入力保持の全体設計は残る。,docs/DOCUMENT_CONTROL.md;tools/check_health.py;tests/test_health.py;BUG-008-LF（修正後Windows91件全成功）;BUG-009-ARG（訂正呼出Windows成功、正式記録/呼出回帰はPR #9で統合済み。今回の実行は別記録）;CI未導入;T-014の限定反例修正;RPT-036;D-152;CONTENT_MAPの本実装資料準備;S24;ACT-190;RPT-037;D-154;D-155;ACT-200;HTML S26/S27;RPT-038;D-156/157;HTML S28/S29;RPT-039;D-159;GAP-024;HTML S30;RPT-040;D-160/161;DC-JUDGMENT;HTML S31;RPT-041;D-162;AUD-240;HTML S32,Codex
T-008,P2,最小の端から端までの計算,部分完了,T-004;T-005;T-006,単一飛行に加え、共通機体標本の延期/条件比較・落下集合/干渉群・選択履歴・保存再読はD-187/194の有限範囲で接続済み。固定Tawhiriとの同入力差分評価と一般の科学的受入は残るため部分完了を維持する。以下は0.20〜0.41時点の段階・未実装の履歴： 保存実GFSで簡易/等温の上昇・破裂・降下・粗い地形終端とCLI保存/再現を0.20で実装。固定Tawhiriとの同入力差分評価は残る。S32/T-015で単一飛行の責務とSciPy数値解法を有限受入した。S34/T-016で比較・保存・分析の将来責務を具体化してから追加する。既存簡易経路を保持し、選択経路の必要能力と衝突を明示。理論/構造/操作/試験を同じ変更で受け入れる。モデル別の落下集合と選択集合表示へ接続できるが、その比較機能を実装済みとはしない。,RPT-033;D-148;ENVの有限構成表;HTML S20;ACT-180;D-149;S22;JRA query/構成検査の限定候補（全飛行/一般取得器は未受入）;D-152;CONTENT_MAP第5節;HTML S24;RPT-037;D-154;D-155;ACT-200;HTML S26/S27;RPT-038;D-156/157;HTML S28/S29;RPT-039;D-159;GAP-024;HTML S30;RPT-041;D-162;AUD-240;HTML S32;RPT-042;D-164;PLAN10.5;HTML S33;T-016;RPT-043/044;D-165;SIMULATOR_VISION;S34,Codex
T-009,P3,日本向け環境・地形戦略の実装と評価,未着手,T-008,高さ/時刻/地形/海陸/領域外/欠測を明示し、任意領域で比較できる環境を受け入れる。P1の地形調査はT-008完了待ちにしない。落下分散は気象member・機体sample・モデルIDと停止理由を保持し、和集合と確率混合を区別する。比較実行/結果集合/分析の将来責務はS34/T-016で具体化する。細密DEMは気象地形・接地地形・海陸判定を区別して検討する。,RPT-023/D-137/HTML S16-Q5：長期到達/モデル要求から気象・地形を逆算し実取得で設計検証;RPT-038;D-156/157;HTML S28/S29;RPT-039;D-159;GAP-024;HTML S30;RPT-041;D-162;AUD-240;HTML S32;RPT-042;D-164;PLAN10.5;HTML S33;T-016;RPT-043/044;D-165;SIMULATOR_VISION;S34,Codex
T-010,P4,モデルの追加順を必要入力・費用・証拠から選定,未着手,T-008;T-011,追加実験を要求せず、既存記録と公開知見、必要入力/未知量/維持費/評価可能性から有望な上昇・破裂・降下モデルを厳選する。簡易モデルと初期等温を保持し、熱の追加は状態/入力を拡張できる設計にする。湿潤密度・粘性/Re・鉛直運動等を独立に組合せ、w二重加算・下降率/CdA重複・径破裂の体積不足を検出する。静的構成検査と力学実行、比較候補の受入と標準選択/実飛行精度を区別。現行の規定速度/定Cd等温を超える科学モデルの採否は未了。追加順はS34/T-016の比較目的と必要入力/評価可能性へ接続する。,報告_S10-3.txt 第5〜7行;候補の物理的採用・実装は未了;RPT-023/D-137/HTML S16-Q5：長期到達/モデル要求から気象・地形を逆算し実取得で設計検証;RPT-026/027;D-138/139;ACT-150;HTML S16：経路別実取得と内外等温の初期実装・後続モデル追加設計;D-144〜147;ACT-170;HTML S20;RPT-033;D-148;ENVの有限構成表;HTML S20;RPT-041;D-162;AUD-240;HTML S32;RPT-042;D-164;PLAN10.5;HTML S33;T-016;RPT-043/044;D-165;SIMULATOR_VISION;S34,Codex / user
T-011,P1,観測・検証データと評価分離の設計,部分完了,T-006,15便原記録の原セル/原単位/解釈/使用目的/除外理由を整理し、追加実験なしで使える評価区間と不足を明示する。当時予報と事後再解析、条件付き診断と予測、調整と評価を分離。風報告/北海道DBの限定独立照合は0.20、原PDF保存は0.21で実施したが、元時系列・和歌山・軌道精度は未再現。過去場の季節/場所選定用途を保ち、気候共分散と予報条件付き誤差/相関/重みを区別する。 0.40で受領・保管したExcel分析原ZIP170ファイルとEXCEL_ANALYSIS_REVIEWから原セル/区間/情報締切の材料を使う。著者の条件付き解析を独立な精度実証や採用済み補助式へ昇格しない。,references/user_supplied/flight_records.xlsx;references/SOURCES.json;PR #13/M101の原本バイト同一性をCHK-017で照合。評価用データセット完成ではない;PLAN10.4;S14;RPT-037;D-154;D-155;ACT-200;HTML S26/S27;RPT-038;D-156/157;HTML S28/S29;RPT-041;D-162;AUD-240;HTML S32;RPT-066;references/EXCEL_ANALYSIS_REVIEW.md;references/excel_analysis_manifest.json;S35/T-017の関連研究,Codex / user
T-012,P0,ビルド・依存環境と継続検査を整備,部分完了,T-002,既存専用Windows環境でPLANのMD→TeX/PDFとガイドのTeX→PDF/検索本文を生成できる。PLANは独立生成コピーで対を保ち、変更資料は全頁表示を確認する。残件は追加TeX依存の完全固定、クリーンな別環境の再現、CI、生成物対の更新方式の改善。既存環境を無条件に再導入せず、G0〜G2/P1全体の停止条件にしない。S32の資料修復と後続の生成実績は当時の証拠として保持する。現在の生成手順はBUILD、直近の対象・成否はREFERENCE_LOGとHTML startから確認する。,RPT-017;D-132;BOOTSTRAP_RUNBOOK.html#S12;REFERENCE_LOG.md GEN-120;docs/BUILD.md;U-011/U-016の当該Windows範囲を解消;RPT-037;D-154;D-155;ACT-200;HTML S26/S27;RPT-041;D-162;AUD-240;HTML S32,Codex
T-013,P0,新スレッド移行前の継続性・文書構造監査,完了,T-003;T-002,RPT-014とH01 Closeoutに記録されたM092/PR12の保存・入口照合・固定読戻しをもって、定めた有限監査を完了。新スレッドでM092を再取得。P0全体・科学・新Windows・将来の全変更を保証しない。,RPT-014;Balloon_JP_H01_Closeout_M092.md;M092/PR12;BOOTSTRAP_RUNBOOK.html#H01,Chat / user
T-014,P0,Codex中心の開発に先立つ規範逸脱の是正,完了,T-003;T-013,RPT-016をD-130/131へ受け入れ、M101の完全固定基準で現在案内・判断記録・管理検査器の逸脱を特定し修正する。反例と回帰、旧/新比較器、health基準比較で確認し、期限範囲の意味レビューを記録する。ローカル候補の技術確認とユーザー採用/Git統合を分ける。科学・全将来更新の証明を要求せず、T-012の文書生成受入と残る依存固定等を区別する。,RPT-016;D-130/131;BOOTSTRAP_RUNBOOK.html#S11;REFERENCE_LOG.md AUD-110;CHK-017;0.11.0未統合変更は0.12.0へ継承;0.11/0.12未統合変更を0.13.0/PR #14へ累積提出。技術検査とユーザーマージは分離;RPT-021/CHK-020：PR14/M130のユーザーレビュー・累積統合・全44パス読戻しで有限是正を完了。全将来更新・科学は別,Codex / user
T-015,P0,成果物全体の用途適合を回復してから機能開発へ戻す,完了,T-003,固定C2-230の現成果物をDC-JUDGMENTで判定し、根拠/方向を置いて修正。コード責務・現行仕様・指示書の読順・資料の説明を一組として再評価する。構造移行の前後結果、数値解法の移行判断、関連試験/表示/保存読戻しを確認。修復が残る間は機能開発へ戻さず、未解消をS32へ明記。全科学/将来機能の完成は条件にしない。,RPT-041;D-162;AUD-240;BOOTSTRAP_RUNBOOK.html#S32;ACT-240;0.24.0 C1全99固定照合・未統合,Codex
T-016,P1,三用途の入力・MC・実行・保存・分析を接続する設計,部分完了,T-006;T-015,現在は予報/明示過去窓の比較に加え、旧十年DBの支持内分析、2024年JRA/ERA原標本の中央値/月幅・UTC/地点風配・固定図/保存再訪、年間専用48区分と面探索を有限に接続した（D-194/197〜199）。既存GUIの問いと原標本/集計/飛行場の支持差を保つ。任意過去取得UI・代表性ある多年季節飛行・校正済み確率/科学精度等は未完成。具体的な次判断と費用/実績はS36、契約は担当資料へ戻す。以下は0.55以前の当時の受入・経緯であり、旧未了を現行全体へ戻さない： 0.55/RPT-075/D-194：予報を第一に、実配布取得→本命/6延期→共通機体標本の分散と干渉群→保存受付の回復を既存GUIで審査する。送信原要求・編集草案・固定結果・台帳識別を分ける。北海道JRA冬夏2原日時と未取得1日時を同じworker/地図/履歴へ接続し、対象窓の台帳を保つ。保存照合の修復と気象関心/詳細群の分離を実画面で確認し、構造29頁/理論23頁を出版した。管理/Git保存はS36の実票で閉じる。任意過去取得UI・代表季節MC・科学精度は未完成。以下は当時の成果： 0.54/RPT-074/D-193：現在配布GFSの明示取得、モデル地表、GET観測回復、32試行の比較/群詳細、保存JRA/半月図と正常再起動を有限確認。科学精度・任意過去取得UI・季節MCは未了。管理/保存の現在状態はS36#s36-result540へ戻る。以下は当時の経緯。 0.53候補/RPT-073/D-192：保存JRAを既存GUIへ接続し、秒付き本命/30分延期、API/CLI全結果・来歴一致、合成領域の干渉詳細、保存/再起動後の選択・図・時刻復元を有限確認した。現在場の内容同一性と固定結果/入力差/GET状態を分ける。次は風統計から選ぶ元日時窓の小集合と同じ機体/比較へ進み、任意JRA取得UI・北海道季節MC・科学精度・全UI受入とは区別する。最終管理/C1/C2保存は未了、S36へ戻る。以下は当時の経緯。 0.52/RPT-073/D-191：実取得JRAの3UTC・100層・20×46格子と地上量に明示B再構成を加え、地上30km着地・元UTC跨ぎを同じCLIで保存再現した。次は既存GUIの固定比較と、季節/時刻帯で選ぶ共同日時窓の小集合へ接続し、対象網羅率・取得再利用・読込/飛行/保存費用を判断する。任意過去取得UI・季節MC・較正済み確率は未了。以下は当時の経緯。 0.51/RPT-073/D-190：元UTCの保存JRAモデル面を既存飛行核/CLIへ接続し、支持内の物理相遷移と地表/時刻/水平停止を保存。次は地表量・起伏列方針・飛行窓/領域を揃える実過去一窓、成立後にGUI/季節標本へ進む。地上完飛行・任意過去取得UI・季節MC/科学精度は未了。保存実績はS36。以下は当時の状態。 0.50候補/RPT-073：保存結果の読込・不在・失敗・完了を既存画面へ渡し、草案と固定群/時刻を保って明示再読へ進める。登録済み完成assetの一致rawを独立コピーして不足時刻だけ取得し、新全窓を現在decoderで再検査する。6→7時刻の実GRIB再生は外部通信0で確認し、NOAAの現在配布や新しい通信時間の実証とは分ける。次は同条件の費用比較と、元UTC/相関を持つ保存JRA窓の単一核への短い接続を設計・検証する。地上全飛行、過去一飛行の比較、年/時刻maskと季節飛行、校正済み気象誤差は未実装/未受入。最終UI・管理・Git保存はS36の該当版と後続実績で確認する。以下は当時の状態。 現行0.49/RPT-073/D-188：実GFS48/192試行の取得・計算・固定群保存再読を測定し、約82.6/359.6秒と原結果JSON約41.0/164.5MBを観測した。提供JRA-3Qの固定半月集計を既存年間/地域図へ接続し、草案/固定集計・母数/出典を区別する。GET観測と選択集計後の原履歴待機を修復。次は人間による図の有用性/許容待ち時間の審査、費用の律速同定と保持量・窓拡張raw再利用の改善、元時刻/相関を保つ過去場の接続を進める。地域背景・年/時間帯mask・実季節飛行・科学的精度は未受入。0.49管理/Git保存は別の後続実績で確認する。以下は当時の状態。 現行0.48/RPT-073/D-187：固定GFSで理由付き一変量の仮幅・共有元量・全N台帳・経験50/90/95%域・干渉群/相別履歴と保存再読を接続した。予定/延期16試行と別モデル8試行を有限受入。次は製品/充填の元量解決と過去場の対象集合を具体化し、校正済み気象誤差や三用途の完成と区別する。以下は当時の状態。 現行0.47/RPT-073/D-186：具体画面を維持し実GFSの配布観測・必要窓・明示取得/適用・入力保持・固定結果/保存再開をS36で有限評価した。次は元量の仮分布と共通標本IDを実MC・50/90/95%経験域・禁止領域群の原因分析へ結ぶ。取得一経路やn=1で全工程を完了せず過去場/長期用途の責務を保持する。以下は当時の状態。 現行0.46/RPT-072/D-185（作業中）：0.40.1 r2の用途別の具体画面を同じplatformへ統合し、入力・保存・実計算の接点を並行修正する。効用だけの再発明/全画面無変更移植の先行完了を採らない。旧新の具体画面と連続操作、候補/延期/群/共有状態、実結果と人工表示の分離、保存再閲覧を批評し、実階層と資料を同期する。基準166実体と原ZIPは照合済み。具体画面と実入力/候補・延期比較/保存再閲覧、写真3Dから2D復帰を有限に確認した。旧模型の機能対応と追加検証は継続中であり、全移植・管理/Git保存の完了ではない。以下は当時の成果と経緯であり0.45の簡略画面を後続基準にしない。 0.45/RPT-071/D-184：React/TS/Vite・薄いPython APIをprivate正本へ追加し、保存GFS二条件n=1・草案/固定結果・有限queue・保存再閲覧を接続する。S35で実UIと再起動を有限受入し、PROGRAM/実装ノート/COMMANDSを実体へ同期する。次は少数MC/禁止域群と独立風表示。以下の各版の未着手/次は当時の記録である。 RPT-067/S35で、操作模型と単一飛行核の間にある不足を、三用途の利用判断と相互依存から再評価する。入力/補助計算、元量と分布/依存、気象支持、実行/再開、固定結果と分析/図、設定再利用とプロジェクト保存をつなぐ具体例・重要な代案・未決が変える選択をINTEGRATIONへ置く。既存設計を再発明せず、根拠と実装/科学未受入を辿れること。研究はT-017へ委譲できるが、その回答だけで科学採用せず、Codexが設計/実物を三用途へ戻して批評する。次実装はその判断から選び、模型完成や一飛行接続だけを分析システム完成へ拡張しない。ガイドは実装変更時に実体と同時更新する。 0.43/RPT-069では参考React/TypeScript・FastAPIの器を用途と継続開発から比較する。現private repoを実装正本とし、参考構成を取り入れる。public参考先の許可branchへの反映は人間が手動commitする。実装移行は未着手、公開へ渡す差分とbranch名は移送時に確認する。 0.44/RPT-070/D-183ではQ420-00 rev7を受領評価し、元量/同時仮説・対象/取得済み集合・固定結果と保存能力の境界を設計へ戻す。次の実装は保存GFS・直接入力の二つのn=1結果の比較と保存再閲覧から進め、分散/禁止域群の中心用途受入は後続とする。,0.55：D-194;S36#s36-result550;ACT-550。比較元0.54 C2 cc7b0fd0463a69ad495debb7f03f1b3eb734e0e6。過去：0.54：D-193;S36#s36-plan540;ACT-540。比較元0.53 C2 f2a3fa6fa0621076452001177ce3556ef189acd5。過去：0.53候補：D-192;S36#s36-plan530。API3便848/849/849記録とCLI全結果/来歴一致、主担当の有限UI保存再開、未確認を別記。比較元は保存済0.52 C2 3057db449af449d024dac2ce88bb32bd454483a0。過去：0.50候補：S36#s36-operational500・s36-observed500・s36-next500、WEATHER_DATA_GUIDE、IMPLEMENTATION_NOTES。個別の原結果・測定区間・未確認と今後の接続を区別。過去：現行0.49：D-188;S36/s36-operational490・s36-observed490・s36-next490;REFERENCE_LOGの0.49参照先。単発費用・有限UI・未確認を区別。過去：現行：D-187;S36/ACT-480;有限受入と残件。 過去：現行：RPT-073;D-186;S36/ACT-470。実MC/過去場/科学精度は未了。 現行：RPT-072;D-185;HTML S35;INTEGRATION7.3;ACT-460（具体画面と実n=1の有限観察。機能対応の追加点検と管理/Git保存は未了）。 過去：RPT-067;D-180;HTML S35;INTEGRATION_DESIGN;docs/research/TASKS.md;T-017。以下はS33/S34各版の設計・受入経緯であり当時の「次」を今回の優先順位へ移さない。RPT-042;D-164;PLAN10.5;AUD-250;BOOTSTRAP_RUNBOOK.html#S33;RPT-043/044;D-165;SIMULATOR_VISION;PLAN10.6;HTML S34;RPT-045/D-166：概要と詳細の分離・原風9図の転用/定義・停止/群配分/時刻mask・再集計と再計算をVISION7へ具体化。次は人工反例の表示と保存契約/費用の小検証;RPT046/D167：地図連動の有限試作と径平均/厚み換算CVを具体化。次はPython同一集計への接続/費用と径イベント入力を検討;RPT047：配布資料の任意再集計は不要・図保存を必要機能に受理。対象/定義付きPNGとSVGを有限試作;RPT048/D168：同地点モデル比較と気象三面の操作模型、原飛行窓/依存統計場/凍結気柱の区別、層間相関反例、製品径の入力経路を追加。次は小さい原窓で任意放球/支持/重みと同条件比較を接続し費用を測る; RPT049/D169：8使用状況から構成三案を比較。共通結果比較・独立気象探索・観測中心の振返りへ再設計し、任意混合/群タブの常設を初期UIから外す。人工模型を目的へ戻し評価。次は原飛行窓→保存結果の支持/対応/費用を接続; 0.31/RPT050/D170：0.30差戻し。個別タブ/比較群と原風9図の比較軸・ドラッグ効用から二基盤を再考。本体接続は保留し、次に過去予報/再解析・季節計画への共用を設計; 0.32/RPT051/D171：50/90/95%と実着地干渉群・従属遅延列・地図入力・気象凡例/任意点季節差を二基盤へ具体化。人工模型の評価後に過去比較/季節計画への共用を設計。; 0.33/RPT052/D172：違和感を利用場面/設計過程から再検討。時刻mask/profileの事実回答、配置/遅延集合/気象と計画の境界を議論案にする。模型の修復/本体接続は未了、次に連続操作場面で配置/状態遷移を評価。; 0.34/RPT053/D173：診断に止めずworkflow-uiへ操作可能な改善案を追加。共通準備/遅延集合と結果寿命/詳細同時視認、全域と図別期間、任意点季節計画を接続。人工模型の範囲を守り、本体接続/科学採用は未了。; 0.35/RPT054/D174：0.34の用途受入を訂正。遅延列の発見性/離散範囲、地理を読める通常地図/写真の移動と詳細切替、原資料の半月24集計、ノートPCの12面比較を実物で再評価。前版の検査成功だけでは受け入れない。; 0.36/RPT058–060/D175：独立再読と相互反証。三用途の比較関係、風図の対象/尺度、意見1の480px高を次の場面へ。実装不変、模型履歴索引をVISIONへ追加。; 0.37/RPT061–063/D176：目的と実物の独立批評を反復し、地図/系列/写真/暦尺度/場所季節/3D往復を修復する人工候補。実気象MC・Google3D・過去観測比較は未実装/未受入。 0.38/RPT064/D177：Google写真3Dの実接続・60件/0件・2D往復を同一接続試行1で確認。未受領gate/二重開始/接続保持を独立モックで点検。屋根/林縁と輪郭の近接/回転による判読、科学的接触、全端末は未受入。 0.39/RPT065/D178：全目録と可視/注目を分け、局所帯読取・意味に沿う色・全概要KMLと風SVGを批評し改訂。人工反例と実Googleの屋根比較/干渉28群往復を区別して確認し、同一接続で詳細カードを修復。同コードの新規無キーIABでJSON/KML実保存と独立readerを確認。旧タブ未到達の原因は未特定。名称hoverは設計案/未実装。本体の共通結果/表示/保存契約は後続で受入。 0.40時点の題名・設計位置：完成像から不確実性・比較・表示と実装順を設計する 0.40/D179：名称hover、実計算接続の入力3経路・標本/分析版・長期重み・ジョブ保存をINTEGRATION_DESIGNへ整理し、PLAN10.6のA→B→C→Dへ接続。実backend/MCの完成ではない。;RPT-069;D182;INTEGRATION_DESIGN#framework-candidate;S35;RPT-070;D-183;references/research_returns/Q420-00/2026-09-29-r7/CODEX_REVIEW.md;RPT-071;D-184;ACT-450;S35;D-190;ACT-510;S36#s36-result510;D-191;S36#s36-result520,Codex
T-017,P0,Chat研究を版付きの根拠と設計へ受け渡す,部分完了,T-016,全体のニーズ・問題意識、現在のUIの利用行程、実装境界と具体材料から、研究担当が問いと優先も再検討し、利用者の判断を進める設計案を比較できる依頼へする。初回Q420-00と深掘りQ410-01〜05を用意し、原PDFと出典へ戻れる。作成者を含む仮提案と内容批評は実Chatの有効性とは分ける。配布基準・依頼版・抽出範囲を記録し、未発行/未受領を明示。返却後は根拠・反例・現行差を評価し、採用/保留/再調査を担当本文へ戻す。実Chat読解と返却はU-022で別に確認する。 0.44でQ420-00 rev7の原2MDと完全ZIPを受領。報告は依頼0.42・固定M420を明記し、実配布添付集合全体の独立確認とは分ける。原本の完全性と有限検証・採否をCODEX_REVIEW/D-183へ記録する。実Chatから設計提案を得たが、回答全体の科学採用・全再現・実装完了とはしない。改訂後生成物は未発行候補で、旧5課題を一律再発行しない。,RPT-067;D-180;BOOTSTRAP_RUNBOOK.html#S35;docs/research/README.md;docs/research/TASKS.md;docs/research/RESPONSE_TEMPLATE.md;docs/research/packet_sources.json;tools/build_research_packet.py;U-022;RPT-068;D-181;docs/research/BRIEF.md;docs/research/UI_WALKTHROUGH.md;docs/research/REVIEW_042.md;RPT-069;RPT-070;D-183;references/research_returns/Q420-00/2026-09-29-r7/CODEX_REVIEW.md;S35の受領と有限検証,Codex / Chat / user
