id,kind,statement,impact,resolution_task_ids,decision_gate,status
U-001,decision,対象はHe充填ゴム気球・約30 km・乾燥10 kg未満程度の例から始めるが上限にはしない（RPT-015）。任意の日本地点・打上げ時刻、予報の届く限り早期から当日までの更新を扱う（D-151）。二地点の固定入力での全飛行はD-155の限定実証で、実機の標準入力・地域/季節ごとの精度は未確定。モデル面一般接続や細密地形は未実装。検証例の地点/時間をユーザーの運用要件へ固定しない。,既存の用途を再質問せず、追加経路の入力と支持範囲、標準値や精度を採用する段階で具体化する,T-006,追加経路・標準入力・精度の採用前,partially_verified
U-002,policy,S10-3の選択条件は無償・特別な資格不要・直ちに利用資格を得られること。匿名限定へ狭めない。ACT-150でERA5/JRAのNCAR公開経路・GFS AWS・Open-Meteo・地理院の匿名小取得と経路別条件を確認。CDSの本人登録/対象規約同意やNCAR custom jobのログインは別経路の手続で今回は未実施。,方針の曖昧さと配布経路ごとの適合確認を分離する,T-001;T-005,各データ経路の受入前,partially_verified
U-003,unverified_fact,RISH配布説明・利用条件を2026-09-16の調査で取得できなかった。今回の停止状態を示すものではない,誰でも使える基本経路か未確認,T-005,基本経路採用前,open
U-004,policy,派生コード・気象・地形データの公開と再配布の扱い。提供Excel原本の著作者・利用/再配布範囲、案件/位置情報の公開可否も別に確認する。,利用は可能でも配布条件が別の場合がある,T-004;T-005,コード流用・公開前,open
U-005,decision,15便の原記録と計算書は受領・保存済みだが、原単位・対象量・使える区間と評価目的の対応は未確定（U-014、T-011）。追加実験なしで既存記録と公開知見を使い、条件付き診断/予測、調整/評価を分ける。D-139の等温初期実装と後続拡張、D-148の組合せ/効果分離は既決であり、再度未採用へ戻さない。モデルの標準選択と科学的精度は別に判断する。,総合的な良さを一つの数値に潰さず、原記録が支持できる主張と比較条件を選ぶ,T-006;T-011,評価基準・モデル標準選択の固定前,partially_verified
U-006,environment,文書検査専用環境のM081/91件受入はRPT-010/EX-010の履歴。以降のCodex回帰はREFERENCE_LOGの各実行環境/件数で別に記録する。AUD-240ではmain M200と未統合C2-230の全83パスを照合し、local.gitはM101のまま。同期操作を推定しない。本体依存の完全固定・クリーン環境の再現とCI、必要な計算資源/大容量保持の見積りは残る。,既存の実行経路で開発し、新規経路や計算規模を採用する際に必要能力と保全を確認する,T-002,環境変更・依存固定・大規模実行の前,partially_verified
U-007,environment,Codex中心の分担と保存/PR作成の継続許可はD-130/RPT-022で確定。固定読取・候補保存・PR更新の実績はACT-130以降、ACT-240/S32は当時の修復実績である。現在の担当・保存はHTML startへ戻る。RPT-067のChat研究は版付き資料で依頼するが、その環境での実読・返却はU-022へ分ける。未使用のWork・CI・新しい連携や全ての通信能力は未試験。既存成功を未使用環境やmainマージの許可へ拡張しない。,担当を毎回再承認せず、未使用能力が必要になったときだけ実測する,T-002,未使用環境・連携を作業へ導入する前,partially_verified
U-008,decision,新非公開repo・正本main・ユーザーによるマージ判断は維持。RPT-018/D-133で候補保存・PR作成をCodexへ移管。表示名Balloon-JPは仮称。 RPT-019/020で当該候補の保存・commit・branch更新・Draft PR・実績追記を明示許可。 RPT-022で保存・PR作成をCodexへ継続委任、人間マージとする。旧個別範囲による今回の承認待ちは解消し、同じ依頼範囲の再確認は不要。,現在の実施はHTML start/S36へ戻る。保存/PRはCodex、人間がmainマージ。削除/公開/権限変更へ拡張しない。S32やS23/S22の実施案内は当時の記録。,T-003,現行運用を変更するとき再検討,resolved
U-009,policy,固定標本と二地点の保存GFSはrepo内、経路別の原取得・風統計DB等はREFERENCE_LOG/WIND_REPORT_REVIEWに原所在とhashを記録して外側保管する。一般キャッシュ、大容量データの保持期間・容量・障害復旧と長期再現の保証範囲は未採用。取得URLや一回の読戻し成功を恒久再取得保証にしない（ACT-150、D-155、D-158）。 0.50候補では登録済み完成assetの要求URL/lead/矩形と原bytesを照合して独立コピーする限定raw共有を追加する。一般キャッシュ、原資料の寿命や全履歴の可用性を確定したものではない。,同じ入力を再利用して比較するには、原bytes・変換版・利用条件をどこまで保持するかの設計が必要,T-001;T-011,一般取得器・保存/再実行方式の採用前,open
U-010,decision,D-134でCUSF原版668b44e5b88a66e0d885a9f9b16ff507d856bbbdのstandard_profileを第一比較基準に固定。派生差分は読取済み、公開API配備SHA/同一データ/原版実行は未確認。,比較モデルと運用結果を混同する危険,T-004,P2比較前,partially_verified
U-011,environment,専用WindowsのPLAN生成環境はRPT-017/GEN-120で導入・受入済み。ガイドは0.20以降の専用TeX生成経路を持ち、ACT-240は0.24時点の再生成実績。以後の対象・成否はREFERENCE_LOGの各版とHTML startへ戻る。別OS・クリーン環境と全依存固定はT-012の残件。,生成環境不在を保留理由に再利用せず、依存が変わる範囲を実測する,T-012,環境・依存・テンプレートの変更時,resolved
U-012,delivery,RPT-005/CHK-005でS09統合・指定集合の再取得・M060 ZIP退避/展開を受理しG2合格。様式代替とPC未実査の境界はHTML REC-025に保持。全P0/他環境は別。,ローカル検査だけで復旧を保証できない,T-003,P0完了前,resolved
U-013,governance,M092/PR12の保存・入口照合・固定読戻しとH01/T-013の有限監査終了をRPT-014/Closeoutから受理。これはM092時点のH01終了受入。後続PR #13/M101はCHK-017で別に照合した。設定UIの独立取得や新Windows実行の成功は意味せず、環境残件はU-006/007/011へ保持。,終了したH01の再実行を要求せず、未検証を引き継ぎ本体計画へ進む,T-013,新しい不整合が見つかった範囲を再点検,resolved
U-014,data_quality,提供Excelのガス量単位・質量に含む範囲・気球型式/膜質量・速度区間時間・日付/高度基準などが不十分。原式/保存値/エラー文字列は現物から読めるが、実機条件や科学的妥当性は未検証。,単位や条件を推測した一括修正、計算書の値の直接採用を避ける,T-006;T-011;T-010,該当値をモデル入力・校正・精度主張へ使う前,open
U-015,source_management,0.10時点でProjectのAI生成PDF/HTMLを一時探索資料として登録し、当時の集合には一部の原典・再計算コード等がなかった。0.40では既知6 HTMLを含む完全なExcel分析原ZIP170ファイルをreferences/user_supplied/excel_analysis_20260920.zipへ無改変保管し、レビューとmanifestから必要章・来歴へ接続した。原本3冊はPR13/M101以後のrepoに保持。資料内の条件付き解析・検査と本プロジェクトの採用は別であり、科学的妥当性・公開許諾・未収録の著者生成環境・全再実行とProject側重複削除は未確認/未実施。,後継EXCEL_ANALYSIS_REVIEWから必要な原章/セルを利用し、旧未提供を理由に再提出を求めない。原著者の検証済み表記を正式仕様や完全再現の証明へ移さない。,T-006;T-005;T-011;T-007,該当資料の科学採用・再実行・公開・移管・削除前。研究時の可用性と不足はT-017で明示,open
U-016,environment,PLANのMD→TeX/PDF対の生成はGEN-120以降に実証済み。0.24では現行役割・計画・再開方法を修正し、同じ編集元から再生成した。その後の各生成はREFERENCE_LOGへ時点別に記録する。生成器はTeXの後でPDFが失敗し得るため、独立した生成コピーで両方を確認してから候補へ受け入れる（BUILD）。依存固定・CI・生成物の原子的更新はT-012に残る。,環境不在による対更新の保留は解消済み。片方だけの生成成功で正本を更新しない,T-012,PLAN改訂時の対生成と全頁表示確認,resolved
U-017,weather_field,0.52以降、同じJRA製品の地表量と原UTC窓を揃え、明示B再構成による地上全飛行と既存GUIへの限定接続を受け入れた（D-191/192/194、WEATHER WG-JRA-SURFACE）。strictで診断した下端gapはその経路の支持限界として保持する。一般の任意窓取得・全地域/季節の支持、再構成の科学精度や細密DEMは未受入であり、有限な地表接続をそれらの解消にしない。以下は0.51以前の当時の到達/未了の記録： 0.51で元UTCのJRAモデル面を同じ飛行核へ接続し5量/幾何高度/相遷移を有限確認。2×2起伏では各列約8gpmのgapと共通支持下端約123gpmのgapが異なり、下降は約137mAGLで停止。地表量/地形列の接続と任意飛行窓の取得は未了。以下は過去の確認。 0.20のGFS圧力面＋地上量では幾何高度・地表橋渡し・任意UTCの連続場と二地点の全飛行を限定実証。ACT-160の他候補診断と0.18のJRAモデル面gpm queryは一般幾何高度/地表/DEM/全飛行の受入ではない。各追加経路では地下/欠測、上端/下端、run/validと改訂、全飛行の時空間支持を検査する。予報は可能な限り早期から当日まで任意更新する方針で、384hはrun起点。全期間/領域の全量取得・長期精度は未受入。 0.50の次接続設計は既存JRAモデル面の元UTCを保つ支持内の短い行程から同じ核への境界を調べる。幾何高度変換、地上量/最下層gap、全飛行窓は別に受け入れ、配布catalogの更新日を実取得・全量支持の証明にしない。,有限値と時刻軸の単調性だけでは連続場の支持を保証できない。近地表と上端を別に検査する。,T-005;T-006,一般adapterと全飛行の受入前,partially_verified
U-019,science,0.20の全飛行は保存GFS圧力面/地上値と粗いGFS地形、固定Cd等温等の仮定で成立した。細密DEM・実機入力・過去場・Tawhiri同入力との差・気象予測誤差の評価は別。添付半月統計の気候変動は予報誤差と同一ではない。,landedという数値終端を現地着地点精度の保証へ拡張できない,T-004;T-005;T-008;T-009;T-011,実運用の精度主張とモデル標準選択の前,open
U-020,dispersion,予報の条件付き誤差、機体パラメータの分布/相関、モデル別標本数/重み、層間/時間相関の根拠は未確定。気候σをそのまま予報誤差にせず、モデル和集合と確率混合を分ける。 RPT-043/D-165で膜厚Weibullの平均/CV・物理変換と簡易高度分布を具体案にしたが、母数/相関の根拠、パラメータ推定、気象誤差の校正は未了。Excel出力を統計平均へ自動変換しない。 RPT046ではD-Weibullを主候補にし、基準幾何から平均径と誘導厚みCVを対応付けた。式の較正と実気球への適合は別で、元幾何選択/実CV/切断の科学採用は未了。 RPT048/D168：製品表から平均径は得られるがCV/分布/試験条件は未確定。径の幾何定義も未確認。層間相関反例で周辺分布だけでは分散が決まらないことを確認したが、統計場の共同分布/時間変化/物理整合の選定は未了。,根拠の無い幅を校正された落下確率と表示しない,T-005;T-009;T-011;T-016,分散生成・確率表示の受入前,open
U-021,architecture,0.58までに予報/過去資産の共通GUI、固定標本・干渉群・取得済窓管理・保存再開と、2024年原標本の分位/UTC/地点/年間48の気象分析を有限に接続した。残るのは一般取得UI、多年季節飛行の対象集合/代表性、実機/気象誤差の根拠・校正、全障害/大規模性能や科学精度の受入等である。分析用rawの取得成功を全量飛行場とせず、旧DBや固定保存を新sourceへ無言で付け替えない。現契約は実装ノート/PROGRAM、実物と次判断はS36、採否はD-194〜199へ戻る。以下の「現行/次/未接続」は0.52以前の当時の記録： 現行0.52：実JRAの地上完飛行と原UTC跨ぎをCLIで確認。Bは全高度の水平native先行と2m/10m固定joinを明示する暫定近似。GUIの過去資産接続、対象日時と取得済窓の管理、季節共同場集合、実機/気象誤差の校正は残る。単回約3.84秒を多数年性能へ外挿しない。以下は当時の経緯。 現行0.51：JRA元UTCの厳密モデル面を製品/再構成で分け、既存核のCLIへ接続した。地上橋渡し/過去窓取得UI/年時刻mask/季節MCは未完成。小窓の費用を多数年性能へ外挿しない。以下は当時の経緯。 現行0.50候補：復元中/404/失敗/完了を固定結果と草案から分け、未読を未計算へ読み替えない接点を修復する。明示再読ボタンのGETと、既存の選択群に対する表示集計要求は別である。完成assetの同一要求rawを条件付きで共有し、コピーを含む総保全上限・曖昧bytes拒否・旧資産保持を維持する。過去場は元UTCと空間/高度/時間の関連を持つ窓から同じ飛行核へ結ぶ次設計であり、半月集計から4D場を再生しない。原結果容量、未実装の年/時間mask・季節飛行、実機/気象誤差の校正・科学精度と全障害受入は残る。最終UI/保存の有限結果はS36の該当版へ戻る。以下は当時の状態。 現行0.49：実GFS48/192試行と実JRA期間統計の年間/地域図を有限確認。GeographicLib2.1もworker指紋へ追加。約6分/164.5MBの192試行、raw跨要求共有なし、地域背景の未確認、元瞬時場/相関と年時刻mask/季節飛行の未接続を残す。実機/気象誤差の校正と科学精度は未受入。以下は当時の経緯。 現行0.48：共有した物理標本・全N台帳・固定snapshot/選択分析と既存GUIへの接続をS36で有限受入。実気象誤差・製品分布・過去場/長期分析・全障害/大量処理/科学精度は未受入。環境指紋はPython/NumPy/SciPyで全依存ではなくGeographicLib等の拡張が残る。以下は当時の状態。 現行0.47/RPT-073：実予報を準備して一飛行/保存再開へ接続した。有限取得と実画面の結果はS36、仕様はWEATHER/IMPLEMENTATION_NOTES。実MC・元量入力・長期/過去場・科学精度は未受入で、実場取得を全体完成へ広げない。以下は当時の状態。 現行0.46/RPT-072/D-185（作業中）：用途別画面の具体形を素材に統合する方針へ訂正。0.45の二枚カードへ機能を積む案と、全画面無変更移植後だけに実接続する案を採らない。共通計画/候補/固定結果/選択と各画面の描画寿命、入力・保存・実計算の接点を同時に実装/評価する。具体画面と実入力/候補・延期比較/保存再閲覧、写真3Dから2D復帰は有限に確認した。旧模型の全機能の移植・検証は継続中で、実MC/過去場/科学精度と管理/Git保存の完了ではない。以下は当時の成果と経緯。 0.45/RPT-071/D-184：画面・API・単一worker・SQLiteと固定結果を接続し、二つのn=1、支持停止、草案/旧結果、保存後のサービス再起動再閲覧を確認した。全Windows障害/電源断/大量MC/三用途/公開移送/科学精度は未受入。次は標本ID/重み/停止を保った少数MC・禁止域群と独立風表示。以下は当時の検討経緯。 0.44/RPT-070：Q420-00 rev7の2MDと完全ZIPを受領評価。元入力と同時仮説・対象/取得済み集合・固定結果と保存能力を設計へ戻す。SQLite/workerの運用・実UI・科学精度は未受入。最初の二つのn=1結果と保存再閲覧は比較接続の受入で、分散/禁止域群の中心用途は後続。 0.43/RPT-069：参考FE/BEの器を比較し、現private repoを実装正本にする分担を受理した。public参考先の許可branchへの反映は人間が手動commitする。今回実装移行は未着手で、公開へ渡す差分・branch名・技術の実測/科学採用は残る。現役sourceと三用途の入力/結果/保存契約はD182/INTEGRATION7.2へ。 現行0.42：単一飛行核と人工操作模型は存在するが、三用途の入力/モデル/MC、気象支持、非同期実行、固定結果/分析版、設定とプロジェクト保存を結ぶ実装は未了。INTEGRATIONの既存設計・具体例を使い、未決がどの契約を変えるかと代案をS35で再評価する。研究課題はT-017へ接続し、回答受領だけで技術や科学を採用しない。以下はS34各版の提案/反証/限定受入の経緯であり、当時の未実装・「次」を現在の全状態として再利用しない。 SIMULATOR_VISION/PLAN10.6の三用途、モデル/分布/標本生成/比較/診断/表示は完成像の設計案。S33の16飛行は技術検証候補へ戻し、次実装を先取りしない。共通契約、一般過去場接続、データ保持、UI技術/性能/配布の実証は未了。 表示案は具体化したが密度領域/平均形状/グループ配分/時刻帯の選択と性能は未受入。気象原日時を失う集約では任意年/時刻の再集計ができない。 0.28の人工例でLeaflet/Plotly連動を検査するが、Python集計接続・任意重み・実履歴容量・製品起動/配布負担は未受入。 0.29は季節高度→地域→打上げケースを人工画面で具体化。任意放球時刻と有効時刻maskを区別しモデル比較へ渡すが、実気象窓・Python集計・本体連携/容量/性能は未実装。予報前の計画分散を今年固有の予報としない。 0.30/RPT049で使用場面から再設計。気象→軌道の一本道、群タブ必須を外す。人工模型と設計レビューは実データ性能/人間使用感の受入ではない。; 0.31/RPT050で旧UIの受入判断を撤回。全9図と比較タブを人工原標本で再構成し、操作/定義/保存を確認する。人間使用感と実気象性能/科学受入は別。 0.32/RPT051：干渉/遅延/任意地点を有限模型で設計。実気象MC・領域品質の一般対応・多峰確率域・地図配布条件/3D性能は未受入。 0.33/RPT052/D172：0.32の用途適合を未了へ戻し、準備/比較/詳細の境界・同時視認・欲しい遅延集合/結果再利用・統計母集団を再検討。任意点季節試算の共通計画への接続は推奨案で移設未決。現模型の週別/実日時/実軌道未対応を区別。 0.34/RPT053/D173：実際に操作できる改善案をworkflow-uiとして追加。任意点季節試算の共通計画への接続と状態引継ぎを人工データで示す。人間の使用感と科学的受入は別。 0.35/RPT054/D174：機能の存在と用途適合を分けて再評価。元資料のISO不採用/半月24集計を確認し、離散遅延・地理背景・12面比較を再設計する。人工模型の評価は実気象や人間の採用の代替ではない。 0.36/D175：文書の将来像と実物の確認済み範囲を分離。意見1の高さ配分は観察と比較条件まで。UI修復/科学採用の完了ではない。 0.37/D176：自由な3D詳細確認はDEM/写真の操作模型で評価。Google建物/樹木mesh投影、全端末性能、鉛直datum/衝突判定は未実証。48/24の暦平衡は標本の独立性ではなく、既知旧保存の再現と未知規則拒否を分ける。 0.38/D177：Google写真3Dへ実接続し同じ結果を60件/0件で往復。接続試行1保持とsourceモックは確認済みだが、屋根/樹冠と輪郭の近接/回転、全端末、長時間期限、実請求数、科学的接触は未受入。 0.39/D178：写真局所での帯読取・全目録の比較と保存を評価中。人工hのAGL見立てはKML表示仮定で、実地形高度や科学的飛行範囲ではない。新規無キーIABではKML/JSONの物理保存を確認したが旧タブ未到達の原因は未特定。標準readerの有限表示とGoogle Earth互換、同一屋根の判読と任意の斜視/建物縁での精度を分ける。名称hoverは未実装で重複/輪郭のみ/移動中の実物評価が残る。 0.40/D179：名称hoverと接続設計を追加。現validator非対応組合せ、任意群の履歴保持、分析版と対照、長期重み、RAM/worker/取得支持の実証は接続試作の論点。科学/全操作受入とは区別。,単一飛行の反復だけで季節選定や予報更新の意味/費用を維持できるとはみなさない。,T-016;T-005;T-009;T-011,0.40.1 r2の具体画面との対応と、同じplatformでの条件/固定結果/選択/保存の連続操作を批評する。三用途の入力→実行/保存→比較→判断を具体例と反例でレビューする。次の実装経路・科学採用・技術選定ごとに実物と費用で再評価。根拠の研究と返却はT-017,open
U-022,environment,0.44/RPT-070：Q420-00 rev7の2MDと完全ZIPを受領し全416実体と先行2MDの一致を確認した。報告の依頼0.42・固定M420と実配布添付集合全体の独立確認は別。著者の読取/継承/新実行を分けて読み、Codexが必要な有限検証と現行差・採否をCODEX_REVIEW/D-183へ戻す。実Chatが具体的研究を返せた範囲は確認できたが、全付属計算の再現・実UI/Windows運用・全科学結論は未受入。旧版で未発行/未受領だった事実はS35に保持。,受領原本とCodexの確認を区別し、次の研究は採否に影響する具体的な不足から選ぶ。課題の一律再発行や研究完了からの科学採用は行わない。実配布時の添付集合は未証明のまま保持する。,T-017,研究の追加採用・再実行時と新しい環境/資料形式で必要な能力を使う前,partially_verified
